task_id,trial_id,model,prompt_hash,taxonomy_version,success,stage,error_type,signature,returncode,gen_elapsed_sec,elapsed_sec,patch_lines_added,patch_lines_removed,files_changed,timestamp,seed
astropy__astropy-12907,0,Qwen/Qwen2.5-Coder-7B-Instruct,1d006f36813d2fc095bc8da160e7e87abfd8d05ee8957d92087cee1133b4b7b9,B-v2,False,PATCH,PATCH_FAIL,git_apply_failed,128,2.4919960498809814,0.5641908645629883,2,2,1,2026-02-12T15:58:47.671067,42
astropy__astropy-14182,0,Qwen/Qwen2.5-Coder-7B-Instruct,323a3b727d26875c53e665ce8dcd10f792793ee5799a7ac698c292c0950d1af1,B-v2,False,PATCH,PATCH_FAIL,git_apply_failed,128,3.7622694969177246,0.6895279884338379,7,0,1,2026-02-12T15:58:50.727725,42
astropy__astropy-14365,0,Qwen/Qwen2.5-Coder-7B-Instruct,232a841813d672f784b09b1e96ec3c80e68dec2004a89644c92446bea8d6a434,B-v2,False,PATCH,PATCH_FAIL,git_apply_failed,128,2.1299571990966797,0.6147196292877197,1,1,1,2026-02-12T15:58:55.179960,42
astropy__astropy-14995,0,Qwen/Qwen2.5-Coder-7B-Instruct,fd14cad64dd3edbd82b7592d7f25cd7092f8823092380514768bffb1d84d63a2,B-v2,False,GEN,GEN_FAIL,llm_call_fail,,0.010311365127563477,0.010311365127563477,0,0,0,2026-02-12T15:58:57.925186,42
astropy__astropy-6938,0,Qwen/Qwen2.5-Coder-7B-Instruct,c5b32e42610f8f080a47c68fd74b8756f9c425cccd00e2a95d0cec9268bcd381,B-v2,False,PATCH,PATCH_FAIL,git_apply_failed,128,1.7369904518127441,0.5385642051696777,1,1,1,2026-02-12T15:58:57.935922,42
astropy__astropy-7746,0,Qwen/Qwen2.5-Coder-7B-Instruct,b17508f2f0c9e41b5b4f161b651d28ae211cd3e74b0b5d30303560c5732c8eab,B-v2,False,PATCH,PATCH_FAIL,git_apply_failed,128,1.9865388870239258,0.5431139469146729,5,0,1,2026-02-12T15:59:00.212102,42
django__django-10914,0,Qwen/Qwen2.5-Coder-7B-Instruct,9e757ab3e919080971bad8389f6105bf244134b82a80aa8cfddc5287a3888681,B-v2,False,PATCH,PATCH_FAIL,git_apply_failed,128,3.9575464725494385,0.6223819255828857,5,0,2,2026-02-12T15:59:02.742334,42
django__django-10924,0,Qwen/Qwen2.5-Coder-7B-Instruct,b90fbf868d6429a5e1d18495bf110d02a16e6f2fb4eabbbc2b7ccbf0c6ae753a,B-v2,False,PATCH,PATCH_FAIL,git_apply_failed,128,3.3665177822113037,0.61348557472229,6,0,2,2026-02-12T15:59:07.322888,42
django__django-11001,0,Qwen/Qwen2.5-Coder-7B-Instruct,4069f50e70379d13a337e3456723f8e177f34a8ca13eeb0ac7327e695448e627,B-v2,False,PATCH,PATCH_FAIL,git_apply_failed,1,4.268249034881592,0.6347672939300537,15,1,2,2026-02-12T15:59:11.303577,42
django__django-11019,0,Qwen/Qwen2.5-Coder-7B-Instruct,58a7fa89650286a791da19a404d1f30f6c3e28f97d146c8cb17bd8160e201aa3,B-v2,False,GEN,GEN_FAIL,llm_call_fail,,0.01263284683227539,0.01263284683227539,0,0,0,2026-02-12T15:59:16.207169,42
django__django-11039,0,Qwen/Qwen2.5-Coder-7B-Instruct,36f65c6f05c2ab1e3d726d363604ea5bc6308f730aa25c7c9fe40ba6bc80a0b7,B-v2,False,PATCH,PATCH_FAIL,git_apply_failed,128,4.614984750747681,0.7202920913696289,9,1,2,2026-02-12T15:59:16.220153,42
django__django-11049,0,Qwen/Qwen2.5-Coder-7B-Instruct,07a2a5993d857ae63da2e22d96b4c4f356bd77fcd3d372c1e8e49b5ac23f6165,B-v2,False,PATCH,PATCH_FAIL,git_apply_failed,128,3.587533473968506,0.514807939529419,2,2,2,2026-02-12T15:59:21.556029,42
django__django-11099,0,Qwen/Qwen2.5-Coder-7B-Instruct,f5b99562de014ce20827aee89e5528a00a02e8affeb1a141015efea7a7ec2a83,B-v2,False,PATCH,PATCH_FAIL,git_apply_failed,128,2.3131797313690186,0.5205914974212646,2,2,1,2026-02-12T15:59:25.658792,42
django__django-11133,0,Qwen/Qwen2.5-Coder-7B-Instruct,35a73f880459029f656df5590a037e2d6bb39aa337ac8af97aef2fa11628ebb4,B-v2,False,PATCH,PATCH_FAIL,git_apply_failed,128,2.3533544540405273,0.49712181091308594,2,2,1,2026-02-12T15:59:28.493121,42
django__django-11179,0,Qwen/Qwen2.5-Coder-7B-Instruct,968e6d6a39031377726995878085a63edaf81a73f7ddd5fc8ee76fe03c91f2c4,B-v2,False,PATCH,PATCH_FAIL,git_apply_failed,128,1.1788358688354492,0.5121364593505859,1,0,1,2026-02-12T15:59:31.344130,42
django__django-11283,0,Qwen/Qwen2.5-Coder-7B-Instruct,9b5b2b4db3235421040f7f03148d8844cb6b0e8077918c68aad0e230e497f4c4,B-v2,False,PATCH,PATCH_FAIL,git_apply_failed,128,4.1094207763671875,0.5468039512634277,17,0,2,2026-02-12T15:59:33.035527,42
django__django-11422,0,Qwen/Qwen2.5-Coder-7B-Instruct,1fea7dd4836c21e8bf0c6d43a8f55e1ad89ad26a028189bca8a466e9f3c10b5d,B-v2,False,PATCH,PATCH_FAIL,git_apply_failed,128,1.631775140762329,0.5155348777770996,4,0,1,2026-02-12T15:59:37.692215,42
django__django-11564,0,Qwen/Qwen2.5-Coder-7B-Instruct,5a38a7d81481005c25da2b70bf543ac445ec62c5de671dd0116b44357f86cfe3,B-v2,False,PATCH,PATCH_FAIL,git_apply_failed,128,5.430250883102417,0.5605583190917969,15,0,2,2026-02-12T15:59:39.839913,42
django__django-11583,0,Qwen/Qwen2.5-Coder-7B-Instruct,b3b52e5adab2655d4bdefd4302027cd43ba62bce872415f2f10d8074feace85c,B-v2,False,GEN,GEN_FAIL,llm_call_fail,,0.010433197021484375,0.010433197021484375,0,0,0,2026-02-12T15:59:45.831123,42
django__django-11620,0,Qwen/Qwen2.5-Coder-7B-Instruct,47b37678c134ce3c89b8141699953c4dcbfbabf91c2d4b53ca12c1eaa8a10243,B-v2,False,PATCH,PATCH_FAIL,git_apply_failed,128,1.830739974975586,0.7886471748352051,1,1,1,2026-02-12T15:59:45.841759,42
django__django-11630,0,Qwen/Qwen2.5-Coder-7B-Instruct,bb64b4bcd28ae044278f3b117b6d76558cc8749028756c1b430cb978d87d73a0,B-v2,False,PATCH,PATCH_FAIL,git_apply_failed,128,2.683274030685425,0.5327484607696533,2,0,2,2026-02-12T15:59:48.461537,42
django__django-11742,0,Qwen/Qwen2.5-Coder-7B-Instruct,e010e253ab859a28dac6599d87141f8b56b4a0e31a59a069a4755e775f83e1d1,B-v2,False,PATCH,PATCH_FAIL,git_apply_failed,128,1.665586233139038,0.5094101428985596,4,0,1,2026-02-12T15:59:51.678117,42
django__django-11797,0,Qwen/Qwen2.5-Coder-7B-Instruct,f13abd95866fb30e79a986507c3ffd429d98bac1467a8e811f6f798232298298,B-v2,False,PATCH,PATCH_FAIL,git_apply_failed,128,4.125147104263306,0.5089900493621826,2,2,2,2026-02-12T15:59:53.853869,42
django__django-11815,0,Qwen/Qwen2.5-Coder-7B-Instruct,bcbb574654e1da7500fc40c1f41856f03f3b47b57b0ad6e3ea6cc2d6a232a7ec,B-v2,False,PATCH,PATCH_FAIL,git_apply_failed,128,2.247281551361084,0.5533108711242676,2,2,1,2026-02-12T15:59:58.488613,42
django__django-11848,0,Qwen/Qwen2.5-Coder-7B-Instruct,c1c20a5b301e50140da7f40f6bd3e44d99b12cc87949b93f2d9793cc9cb28b39,B-v2,False,PATCH,PATCH_FAIL,git_apply_failed,128,5.190718173980713,0.5076797008514404,5,5,1,2026-02-12T16:00:01.289663,42
django__django-11905,0,Qwen/Qwen2.5-Coder-7B-Instruct,1727a229644e34af03954dce91e39bb9e56d253f9b06f45481d944e8b455adcc,B-v2,False,PATCH,PATCH_FAIL,git_apply_failed,128,1.9517302513122559,0.496976375579834,5,0,1,2026-02-12T16:00:06.988635,42
django__django-11910,0,Qwen/Qwen2.5-Coder-7B-Instruct,eff2bdc904ab5b1165b8563afecfdda46c123950ddc560ce60c2ea6423982065,B-v2,False,PATCH,PATCH_FAIL,git_apply_failed,128,1.859138011932373,0.4960355758666992,1,1,1,2026-02-12T16:00:09.437924,42
django__django-11964,0,Qwen/Qwen2.5-Coder-7B-Instruct,fd6c1e34f9ad4917dc360ed2cba3420025aed2e9335cd51841a3e40f333f9a64,B-v2,False,PATCH,PATCH_FAIL,git_apply_failed,128,2.461733102798462,0.6868596076965332,2,2,1,2026-02-12T16:00:11.793702,42
django__django-11999,0,Qwen/Qwen2.5-Coder-7B-Instruct,2bc03e251bb5eb30cf5e3c20ccbb26f2fe397fb9ec2e2c90c2c6f9b8af67c384,B-v2,False,PATCH,PATCH_FAIL,git_apply_failed,1,1.7318732738494873,0.49095773696899414,6,1,1,2026-02-12T16:00:14.942956,42
django__django-12113,0,Qwen/Qwen2.5-Coder-7B-Instruct,4696228dc3f09e318debbb578b71096537e4af59c50e66ce833417f0127216bd,B-v2,False,PATCH,PATCH_FAIL,git_apply_failed,128,3.2036821842193604,0.5593068599700928,15,0,2,2026-02-12T16:00:17.166242,42
django__django-12125,0,Qwen/Qwen2.5-Coder-7B-Instruct,f0b849a95dd3a364068864578f490f062ae6ec43b1f5cc7d1edfc9834fabd468,B-v2,False,PATCH,PATCH_FAIL,git_apply_failed,128,1.6016309261322021,0.5288388729095459,1,1,1,2026-02-12T16:00:20.929836,42
django__django-12184,0,Qwen/Qwen2.5-Coder-7B-Instruct,d6a1e849a4e441c9eb7bce39015c60847933af101f90ff9068d1e8ea48e294a9,B-v2,False,PATCH,PATCH_FAIL,git_apply_failed,128,1.281388521194458,0.5220410823822021,1,1,1,2026-02-12T16:00:23.061012,42
django__django-12284,0,Qwen/Qwen2.5-Coder-7B-Instruct,70658c23a5749123bacce0a3e481f7d3d2d9b1786295e0e8dc79bea6527459fb,B-v2,False,PATCH,PATCH_FAIL,git_apply_failed,128,2.0702672004699707,0.5290853977203369,1,1,1,2026-02-12T16:00:24.865101,42
django__django-12286,0,Qwen/Qwen2.5-Coder-7B-Instruct,1389701604b526901933b83fb2aa28bafeccc24d31c2360b94fb7ee4354372a7,B-v2,False,PATCH,PATCH_FAIL,git_apply_failed,128,1.5341644287109375,0.6028714179992676,1,1,1,2026-02-12T16:00:27.465110,42
django__django-12308,0,Qwen/Qwen2.5-Coder-7B-Instruct,7fb17b8859349c66b62fe15a4bbca4ea4d43562aee6b7fcb73d451b708afd617,B-v2,False,PATCH,PATCH_FAIL,git_apply_failed,128,3.5920894145965576,0.854050874710083,9,0,2,2026-02-12T16:00:29.602739,42
django__django-12453,0,Qwen/Qwen2.5-Coder-7B-Instruct,dee2d42b99843dbc282bc24dc384ab64c2c2d5e5703bcd890c440e3a1a7352fd,B-v2,False,PATCH,PATCH_FAIL,git_apply_failed,128,4.686993360519409,0.5485875606536865,7,4,2,2026-02-12T16:00:34.049396,42
django__django-12470,0,Qwen/Qwen2.5-Coder-7B-Instruct,eb6e4eb0024875006150c96024d1ea24c103b1e8ef2a7be9f17473456777f745,B-v2,False,PATCH,PATCH_FAIL,git_apply_failed,128,0.6018381118774414,0.5561339855194092,1,1,1,2026-02-12T16:00:39.285510,42
django__django-12497,0,Qwen/Qwen2.5-Coder-7B-Instruct,41503ed40290630d73059b6ca6a77bdafdbe3abeb854c3aba414c44f8a4d8166,B-v2,False,PATCH,PATCH_FAIL,git_apply_failed,128,3.196657657623291,0.5083057880401611,2,2,2,2026-02-12T16:00:40.444089,42
django__django-12589,0,Qwen/Qwen2.5-Coder-7B-Instruct,b673ac16d880c57ecf63b70ee06818086eca490a0f9bbf8cfd4ff294303b2a70,B-v2,False,PATCH,PATCH_FAIL,git_apply_failed,128,1.8419668674468994,0.6057507991790771,5,0,1,2026-02-12T16:00:44.149504,42
django__django-12700,0,Qwen/Qwen2.5-Coder-7B-Instruct,c6cac01882d03c678caf4492491bb83ab3bde2ee13dff5058816dfb6bdb6c7d8,B-v2,False,PATCH,PATCH_FAIL,git_apply_failed,128,2.036656379699707,0.513979434967041,4,0,1,2026-02-12T16:00:46.597620,42
django__django-12708,0,Qwen/Qwen2.5-Coder-7B-Instruct,96d3caf05412ebebea4363c8d129afd836c65135cac1b930cea3c1121530cfdf,B-v2,False,PATCH,PATCH_FAIL,git_apply_failed,128,3.8609695434570312,0.5110645294189453,2,1,2,2026-02-12T16:00:49.148870,42
django__django-12747,0,Qwen/Qwen2.5-Coder-7B-Instruct,0d49b300bd22b6da7ff43c81c5de82b832ddab20bb129cd45b7bc5a173fe09bd,B-v2,False,PATCH,PATCH_FAIL,git_apply_failed,128,1.6639404296875,0.5826869010925293,1,1,1,2026-02-12T16:00:53.521319,42
django__django-12856,0,Qwen/Qwen2.5-Coder-7B-Instruct,718db93b9ce35c3b1aced62d70654597f8fa57d79dc37139e8854ef870f2a816,B-v2,False,PATCH,PATCH_FAIL,git_apply_failed,128,4.464841842651367,0.5372581481933594,10,0,2,2026-02-12T16:00:55.768575,42
django__django-12908,0,Qwen/Qwen2.5-Coder-7B-Instruct,2864def1c5c63d007bbdf37e653555dfa962ab756d7aa4d23b9ae5c821110994,B-v2,False,PATCH,PATCH_FAIL,git_apply_failed,1,1.8409199714660645,0.5256078243255615,1,0,1,2026-02-12T16:01:00.771972,42
django__django-12915,0,Qwen/Qwen2.5-Coder-7B-Instruct,b756bfd454e58629f510f5894215262612242789899c100d178ce3433cb771b8,B-v2,False,PATCH,PATCH_FAIL,git_apply_failed,128,1.791785717010498,0.5085015296936035,5,0,1,2026-02-12T16:01:03.139096,42
django__django-12983,0,Qwen/Qwen2.5-Coder-7B-Instruct,78ca97187344946d3632f8de6def7584dd10d6e89d60fcd9070e1671de66eb03,B-v2,False,PATCH,PATCH_FAIL,git_apply_failed,128,2.6732828617095947,0.5116779804229736,5,2,1,2026-02-12T16:01:05.440025,42
django__django-13028,0,Qwen/Qwen2.5-Coder-7B-Instruct,5730688a3439ae8ae8f807f3e8d55017a6357e0fee27040c65a13afe84851f22,B-v2,False,PATCH,PATCH_FAIL,git_apply_failed,128,1.830308198928833,0.6386423110961914,1,1,1,2026-02-12T16:01:08.625542,42
django__django-13033,0,Qwen/Qwen2.5-Coder-7B-Instruct,aa1e4661ff7885e9973ede8b0535cb7e5d43a35efc3dd3e103f68e477ed3e8b1,B-v2,False,PATCH,PATCH_FAIL,git_apply_failed,128,2.4716267585754395,0.500474214553833,1,1,1,2026-02-12T16:01:11.095014,42
django__django-13158,0,Qwen/Qwen2.5-Coder-7B-Instruct,067773206f404be3b46e4e79e5cff04ccc2070ec2cc121d3382fb7eb98f38048,B-v2,False,PATCH,PATCH_FAIL,git_apply_failed,128,1.5366604328155518,0.5200610160827637,1,1,1,2026-02-12T16:01:14.067714,42
django__django-13220,0,Qwen/Qwen2.5-Coder-7B-Instruct,09d2e4ea7fcf7bf82a223c43859795ceeaa04459a7916ba0db8a7a133c8779fd,B-v2,False,PATCH,PATCH_FAIL,git_apply_failed,128,1.7527916431427002,0.5225262641906738,7,0,1,2026-02-12T16:01:16.124845,42
django__django-13230,0,Qwen/Qwen2.5-Coder-7B-Instruct,03a0c608206cf285a4a33e869bec042bbd7610c5d4592aae28929a5a01a313f3,B-v2,False,PATCH,PATCH_FAIL,git_apply_failed,128,2.1032323837280273,0.5166041851043701,2,0,1,2026-02-12T16:01:18.400780,42
django__django-13265,0,Qwen/Qwen2.5-Coder-7B-Instruct,9ac7501dfa880ffc6b51ba0b52cd1eef1eee89c0ab38310e63702ed9b7f69cf0,B-v2,False,PATCH,PATCH_FAIL,git_apply_failed,128,5.000954866409302,0.5420267581939697,3,1,2,2026-02-12T16:01:21.021217,42
django__django-13315,0,Qwen/Qwen2.5-Coder-7B-Instruct,7acf4f781d66d8345ce74b8943dc5b70be74174a75c2e5c09d0db15835e40dd0,B-v2,False,PATCH,PATCH_FAIL,git_apply_failed,128,3.2743077278137207,0.5613515377044678,5,0,2,2026-02-12T16:01:26.564631,42
django__django-13321,0,Qwen/Qwen2.5-Coder-7B-Instruct,4709d8cc1ee92af35df784074ea157c675594c37c416b8e244431c9e5ebfad8a,B-v2,False,PATCH,PATCH_FAIL,git_apply_failed,128,1.7138493061065674,0.5372920036315918,4,0,1,2026-02-12T16:01:30.400838,42
django__django-13401,0,Qwen/Qwen2.5-Coder-7B-Instruct,6dc7d0b16882453ee8d24aa56504cd0911611bd28db88de5afc95dd91ae53716,B-v2,False,PATCH,PATCH_FAIL,git_apply_failed,128,2.1134703159332275,0.6976308822631836,2,0,1,2026-02-12T16:01:32.652416,42
django__django-13447,0,Qwen/Qwen2.5-Coder-7B-Instruct,e0fd9d24e67133d03403ee7d311cd30154b9863ee464e18f6296f3c87b70134d,B-v2,False,PATCH,PATCH_FAIL,git_apply_failed,128,2.1232903003692627,0.6249516010284424,3,0,1,2026-02-12T16:01:35.464052,42
django__django-13448,0,Qwen/Qwen2.5-Coder-7B-Instruct,92bf4ddaffc67ca28bdba2a212fc3a9b13890e66e83947b12c2ad2fb6563796c,B-v2,False,PATCH,PATCH_FAIL,git_apply_failed,128,2.641090154647827,0.5594947338104248,16,0,1,2026-02-12T16:01:38.212916,42
django__django-13551,0,Qwen/Qwen2.5-Coder-7B-Instruct,fc09ab2532656166865d5ab57a9eb1bdf531c133e36965c390d1ff9095f6c49d,B-v2,False,PATCH,PATCH_FAIL,git_apply_failed,128,2.770618200302124,0.5504436492919922,3,2,2,2026-02-12T16:01:41.414126,42
django__django-13590,0,Qwen/Qwen2.5-Coder-7B-Instruct,fa0be1efc6b56bcde5990faebb27411489ff762152433349d9234bf7425e77ec,B-v2,False,PATCH,PATCH_FAIL,git_apply_failed,128,0.9382939338684082,0.5150787830352783,1,1,1,2026-02-12T16:01:44.735630,42
django__django-13658,0,Qwen/Qwen2.5-Coder-7B-Instruct,2528e5ccf387c1c4fa275848c214adb499660191ec6d3b21ba97695f16a9011a,B-v2,False,PATCH,PATCH_FAIL,git_apply_failed,128,1.1527209281921387,0.550137996673584,1,1,1,2026-02-12T16:01:46.189573,42
django__django-13660,0,Qwen/Qwen2.5-Coder-7B-Instruct,5cdc6413824b8a2e8b3ee6179ab219a6e3f5d8597d06da07a4242627a07592f5,B-v2,False,PATCH,PATCH_FAIL,git_apply_failed,128,1.8135626316070557,0.5338649749755859,2,1,1,2026-02-12T16:01:47.893000,42
django__django-13710,0,Qwen/Qwen2.5-Coder-7B-Instruct,16a1b18465be237520afc5c3173a110610df320221441b123ab30e0dd1814c38,B-v2,False,PATCH,PATCH_FAIL,git_apply_failed,128,3.5129950046539307,0.5679757595062256,5,0,2,2026-02-12T16:01:50.240947,42
django__django-13757,0,Qwen/Qwen2.5-Coder-7B-Instruct,4c170b96a3b37b9b54b2ba58f5c9a9bd12a4ec7cf0f8091d7d01ad7b4f7a2729,B-v2,False,PATCH,PATCH_FAIL,git_apply_failed,128,1.4328052997589111,0.6062066555023193,1,1,1,2026-02-12T16:01:54.322349,42
django__django-13768,0,Qwen/Qwen2.5-Coder-7B-Instruct,41600b743e993c8fea8ad3984a00e920db8f8249e408a3251f65a2b1394b9083,B-v2,False,PATCH,PATCH_FAIL,git_apply_failed,128,1.5706584453582764,0.5416479110717773,1,0,1,2026-02-12T16:01:56.361903,42
django__django-13925,0,Qwen/Qwen2.5-Coder-7B-Instruct,52b3d69b52a350c5e76f6c9f64b29917b4d09fdf4137f9481a9ed607a661e2b0,B-v2,False,PATCH,PATCH_FAIL,git_apply_failed,128,2.463193655014038,0.5396013259887695,2,1,1,2026-02-12T16:01:58.474696,42
django__django-13933,0,Qwen/Qwen2.5-Coder-7B-Instruct,282aa826a64985b49d6ec6e18d6e5fbe479c7302cedb22bb71003db4a9c20cac,B-v2,False,PATCH,PATCH_FAIL,git_apply_failed,128,2.23763108253479,0.5364978313446045,2,2,1,2026-02-12T16:02:01.478269,42
django__django-13964,0,Qwen/Qwen2.5-Coder-7B-Instruct,80dc4582f20b64d6480eae3859bf8411bfa97a2c93fc591473ea4d76d95187cc,B-v2,False,PATCH,PATCH_FAIL,git_apply_failed,128,1.6887617111206055,0.4996209144592285,0,0,0,2026-02-12T16:02:04.253061,42
django__django-14016,0,Qwen/Qwen2.5-Coder-7B-Instruct,0fd60eec5416d3e85dea0a0fadcb40152c9b9c880585b83a535b034cdf61da20,B-v2,False,PATCH,PATCH_FAIL,git_apply_failed,128,2.9966986179351807,0.5044796466827393,2,2,2,2026-02-12T16:02:06.442041,42
django__django-14017,0,Qwen/Qwen2.5-Coder-7B-Instruct,31c7d760010385cbc142a1cd8c2381f892cb4c2db7cf092f81e64e86903a98b6,B-v2,False,PATCH,PATCH_FAIL,git_apply_failed,128,1.5231273174285889,0.5396971702575684,0,0,0,2026-02-12T16:02:09.943661,42
django__django-14155,0,Qwen/Qwen2.5-Coder-7B-Instruct,063cae90953d7a91366821f52da9ac5e7045569c2714e65025ddba6ad5e05ae3,B-v2,False,PATCH,PATCH_FAIL,git_apply_failed,128,1.8079214096069336,0.5185284614562988,2,0,1,2026-02-12T16:02:12.006989,42
django__django-14238,0,Qwen/Qwen2.5-Coder-7B-Instruct,e17ca3471a1da3b04dc7d1fd7db914e0314a53c2087345d337172ffa740bc962,B-v2,False,PATCH,PATCH_FAIL,git_apply_failed,128,3.5618433952331543,0.5359253883361816,5,0,2,2026-02-12T16:02:14.333877,42
django__django-14382,0,Qwen/Qwen2.5-Coder-7B-Instruct,8a7d1eca29d48367065d85a9b83e2e65da2d8f64831f464c38ccce3026f2689e,B-v2,False,PATCH,PATCH_FAIL,git_apply_failed,128,1.267787218093872,0.78330397605896,1,1,1,2026-02-12T16:02:18.432211,42
django__django-14411,0,Qwen/Qwen2.5-Coder-7B-Instruct,71f8fdfc2e0440b2f4981f8fcd842adae681a7bad5d38deb85c6493f3b5299ea,B-v2,False,PATCH,PATCH_FAIL,git_apply_failed,128,1.6158759593963623,0.6124622821807861,1,1,1,2026-02-12T16:02:20.483903,42
django__django-14534,0,Qwen/Qwen2.5-Coder-7B-Instruct,d88e2ad1688f9b582a0dec63ace96fca3947f7ce5a8fd8c850ebd4ea965e8ca8,B-v2,False,PATCH,PATCH_FAIL,git_apply_failed,128,3.3571395874023438,0.5735278129577637,14,1,2,2026-02-12T16:02:22.712718,42
django__django-14580,0,Qwen/Qwen2.5-Coder-7B-Instruct,cc1c5a56121084f4dbb9398fed2c3a89b97c3eedd96f1bbe0928d0baea807838,B-v2,False,PATCH,PATCH_FAIL,git_apply_failed,128,1.5784704685211182,0.7144896984100342,0,0,0,2026-02-12T16:02:26.643794,42
django__django-14608,0,Qwen/Qwen2.5-Coder-7B-Instruct,7353698aae63e8a15948cbcaa8d62f52d8ce7495b10e708cb0e4198a266e9028,B-v2,False,PATCH,PATCH_FAIL,git_apply_failed,128,3.98765230178833,0.5142011642456055,6,0,2,2026-02-12T16:02:28.937140,42
django__django-14667,0,Qwen/Qwen2.5-Coder-7B-Instruct,f6d368167006727531badf48b364a91bfa04123de861cdc9d52dec1976999640,B-v2,False,PATCH,PATCH_FAIL,git_apply_failed,128,1.5044407844543457,0.5113327503204346,1,1,1,2026-02-12T16:02:33.439563,42
django__django-14672,0,Qwen/Qwen2.5-Coder-7B-Instruct,f2fa6df4a3076abaf5f64f72a726ec30e6e9151d01b1964d7a325cf14e287e99,B-v2,False,PATCH,PATCH_FAIL,git_apply_failed,128,20.64551067352295,0.5221199989318848,29,3,1,2026-02-12T16:02:35.455748,42
django__django-14730,0,Qwen/Qwen2.5-Coder-7B-Instruct,0c746a5db6d624d78e55d81daa6ee3c3f217ee3f592b2e664d42c1551d03097e,B-v2,False,PATCH,PATCH_FAIL,git_apply_failed,128,4.000200271606445,0.511389970779419,10,1,2,2026-02-12T16:02:56.623899,42
django__django-14752,0,Qwen/Qwen2.5-Coder-7B-Instruct,33d3f259de4de68aa2301b73821928d97da44d5ee04fa33a4e709b9a59ddc43c,B-v2,False,PATCH,PATCH_FAIL,git_apply_failed,128,11.10304069519043,0.52897047996521,46,0,2,2026-02-12T16:03:01.135923,42
django__django-14787,0,Qwen/Qwen2.5-Coder-7B-Instruct,08b0cf03c26de17df153e6099bc2f252b36505b732f0049d6633f344e5e87de9,B-v2,False,PATCH,PATCH_FAIL,git_apply_failed,128,0.746389627456665,0.5267002582550049,1,0,1,2026-02-12T16:03:12.768617,42
django__django-14855,0,Qwen/Qwen2.5-Coder-7B-Instruct,1d8e22dcb12c2802acdd0aff7a0f61b800ed9c61e84bf3f3eddcd8152786ec55,B-v2,False,PATCH,PATCH_FAIL,git_apply_failed,128,1.4645986557006836,0.5615725517272949,1,1,1,2026-02-12T16:03:14.042341,42
django__django-14915,0,Qwen/Qwen2.5-Coder-7B-Instruct,9253f797ab6d7fa867691d9dc76deba7068a06a02dbb5a04dcd2033b19f25dcc,B-v2,False,PATCH,PATCH_FAIL,git_apply_failed,128,1.586256742477417,0.5263259410858154,1,0,1,2026-02-12T16:03:16.069063,42
django__django-14997,0,Qwen/Qwen2.5-Coder-7B-Instruct,23cd420e4895a0606d67f8c6f53249f6453e0629e2aa4e264178e08bc231c06a,B-v2,False,PATCH,PATCH_FAIL,git_apply_failed,128,3.5052764415740967,0.5211243629455566,3,3,2,2026-02-12T16:03:18.182167,42
django__django-14999,0,Qwen/Qwen2.5-Coder-7B-Instruct,c8b12719bfe095c3166423ef7f622ec57ce552b828a3ff6eafe21b240e81639d,B-v2,False,PATCH,PATCH_FAIL,git_apply_failed,128,1.30698561668396,0.4924595355987549,1,1,1,2026-02-12T16:03:22.209267,42
django__django-15061,0,Qwen/Qwen2.5-Coder-7B-Instruct,f6d756cbec3d799061d6354b4171f70656c9b5550175107bfce2677f87777ee4,B-v2,False,PATCH,PATCH_FAIL,git_apply_failed,1,1.4807941913604736,0.49529337882995605,2,2,1,2026-02-12T16:03:24.009164,42
django__django-15202,0,Qwen/Qwen2.5-Coder-7B-Instruct,7f1da07199eefda724d4b151c1f7ca52bbd09a52e83a1660d0739ad9e32c115a,B-v2,False,PATCH,PATCH_FAIL,git_apply_failed,128,1.5091118812561035,0.5195755958557129,1,1,1,2026-02-12T16:03:25.985823,42
django__django-15213,0,Qwen/Qwen2.5-Coder-7B-Instruct,1ee190dd3e35d020a99b1ecc861267b99228011e244e5e45c3b0b9def0b70a5a,B-v2,False,PATCH,PATCH_FAIL,git_apply_failed,128,1.4187202453613281,0.5501952171325684,1,1,1,2026-02-12T16:03:28.014969,42
django__django-15252,0,Qwen/Qwen2.5-Coder-7B-Instruct,75cf9946c03c43716f9fed3feb6a3386e1065f77872cf3c20dd9cb15b757fc2f,B-v2,False,GEN,GEN_FAIL,llm_call_fail,,0.010283470153808594,0.010283470153808594,0,0,0,2026-02-12T16:03:29.984290,42
django__django-15320,0,Qwen/Qwen2.5-Coder-7B-Instruct,71c58246131dbc7dbd1be82535002c2f7ce068c06515c903ba4f3f4240ed932a,B-v2,False,PATCH,PATCH_FAIL,git_apply_failed,128,3.728036403656006,0.5338218212127686,3,0,2,2026-02-12T16:03:29.994782,42
django__django-15347,0,Qwen/Qwen2.5-Coder-7B-Instruct,80d9bb23a57e8c88fac85f2ab183baded95f650bf811e206f5eecd481924f05c,B-v2,False,PATCH,PATCH_FAIL,git_apply_failed,128,3.737391948699951,0.5418338775634766,5,5,2,2026-02-12T16:03:34.257046,42
django__django-15388,0,Qwen/Qwen2.5-Coder-7B-Instruct,14de46e5c701bf38afd9aa114a423edda38b445f0cc9f0ace0b55b536d356a28,B-v2,False,PATCH,PATCH_FAIL,git_apply_failed,128,1.67525315284729,0.605247974395752,6,1,1,2026-02-12T16:03:38.536765,42
django__django-15400,0,Qwen/Qwen2.5-Coder-7B-Instruct,197cd1b8eb7c80af5622067ba5aef53d2b0e3b23e2805e3d137e643e1de29a37,B-v2,False,PATCH,PATCH_FAIL,git_apply_failed,128,1.6337058544158936,0.5628616809844971,5,0,1,2026-02-12T16:03:40.817867,42
django__django-15498,0,Qwen/Qwen2.5-Coder-7B-Instruct,59f3c94936ec4f4586eac66710bf859e3a37ddc4a48f32182ed36f44a84be11f,B-v2,False,PATCH,PATCH_FAIL,git_apply_failed,128,1.486687183380127,0.5455045700073242,2,0,1,2026-02-12T16:03:43.014819,42
django__django-15695,0,Qwen/Qwen2.5-Coder-7B-Instruct,a8ee8cfd309e281e509125c0e16b2a7c002e84ef7209a749f3556384a8d5f4b1,B-v2,False,PATCH,PATCH_FAIL,git_apply_failed,128,5.747040271759033,0.5252313613891602,6,0,2,2026-02-12T16:03:45.047530,42
django__django-15738,0,Qwen/Qwen2.5-Coder-7B-Instruct,83d8d1f27a5cfe09c485169d9ccde7a109956e586ab0bbc05fe5e3f93e1cad3e,B-v2,False,PATCH,PATCH_FAIL,git_apply_failed,128,6.306514263153076,1.5458972454071045,18,3,3,2026-02-12T16:03:51.320222,42
django__django-15781,0,Qwen/Qwen2.5-Coder-7B-Instruct,49ab006428f1dd0392974e573638ace6085731684b0c3737cbdb10b159f7db13,B-v2,False,PATCH,PATCH_FAIL,git_apply_failed,128,2.5379257202148438,0.564497709274292,2,0,1,2026-02-12T16:03:59.173272,42
django__django-15789,0,Qwen/Qwen2.5-Coder-7B-Instruct,b498ab9bd272d80746744d521bbcf8e9be384a4cd130a23af92a8c98aa2b54b4,B-v2,False,PATCH,PATCH_FAIL,git_apply_failed,128,4.887899398803711,0.5099108219146729,11,2,2,2026-02-12T16:04:02.276099,42
django__django-15790,0,Qwen/Qwen2.5-Coder-7B-Instruct,2bc2745757c783601712ddc67363a999e064fffd1ec54407b3283e44700da63f,B-v2,False,PATCH,PATCH_FAIL,git_apply_failed,128,1.9210402965545654,0.4989745616912842,2,1,1,2026-02-12T16:04:07.674503,42
django__django-15814,0,Qwen/Qwen2.5-Coder-7B-Instruct,4119a2b2044d6a1091bd48b79a4023f624ba77449c2902ce855811ae4ff3982d,B-v2,False,PATCH,PATCH_FAIL,git_apply_failed,128,1.750795841217041,0.49181485176086426,1,1,1,2026-02-12T16:04:10.095094,42
django__django-15819,0,Qwen/Qwen2.5-Coder-7B-Instruct,6ddb38aac76f8cb7080192911b6e81638c92fb921762e33123f6603be57b87af,B-v2,False,PATCH,PATCH_FAIL,git_apply_failed,128,20.447040557861328,0.4922327995300293,35,1,1,2026-02-12T16:04:12.338117,42
django__django-15851,0,Qwen/Qwen2.5-Coder-7B-Instruct,03b61f96110cc94751e3050ff81524749b941fc79ce3a2c79ca0139f487a4128,B-v2,False,PATCH,PATCH_FAIL,git_apply_failed,128,1.5203204154968262,0.49356555938720703,1,1,1,2026-02-12T16:04:33.278002,42
django__django-15902,0,Qwen/Qwen2.5-Coder-7B-Instruct,355955b4ad6e2b76c9ca6763a1393511afe8d6315b9f93a35cfd35a163102212,B-v2,False,PATCH,PATCH_FAIL,git_apply_failed,128,1.7652080059051514,0.5009450912475586,1,1,1,2026-02-12T16:04:35.292292,42
django__django-15996,0,Qwen/Qwen2.5-Coder-7B-Instruct,09a3d132ee088e5634640d4b377243ab36525fb93cc3a074179b1527d356f86b,B-v2,False,PATCH,PATCH_FAIL,git_apply_failed,128,3.235588550567627,0.5388050079345703,10,1,1,2026-02-12T16:04:37.558921,42
django__django-16041,0,Qwen/Qwen2.5-Coder-7B-Instruct,7a3f3272ed9cca954b23a6df937090b93b36d989572d87f4755797345a266a80,B-v2,False,PATCH,PATCH_FAIL,git_apply_failed,128,2.0779309272766113,0.5180990695953369,2,2,1,2026-02-12T16:04:41.333944,42
django__django-16046,0,Qwen/Qwen2.5-Coder-7B-Instruct,64e3bd382364628b9af00cbd50118c03f2109108ecb591be06fb65f86d73ff79,B-v2,False,PATCH,PATCH_FAIL,git_apply_failed,128,1.2974848747253418,0.5887489318847656,2,0,1,2026-02-12T16:04:43.930649,42
django__django-16139,0,Qwen/Qwen2.5-Coder-7B-Instruct,80100a6d8443a3ddd8a9bc54668eb1476ff64a6f8b6c909c031d35a4a3e33824,B-v2,False,PATCH,PATCH_FAIL,git_apply_failed,128,2.543546676635742,0.5086731910705566,3,3,1,2026-02-12T16:04:45.817335,42
django__django-16229,0,Qwen/Qwen2.5-Coder-7B-Instruct,1a0c71d2ef6ab5a7bfe9eacf74023548f9e8ff75872874f3315787617c526e2b,B-v2,False,PATCH,PATCH_FAIL,git_apply_failed,128,1.3867826461791992,0.5115668773651123,3,0,1,2026-02-12T16:04:48.870154,42
django__django-16255,0,Qwen/Qwen2.5-Coder-7B-Instruct,395ad724778ac6cce6bbf8f472eea097085df59cbb321fe3577d07bf632c6248,B-v2,False,PATCH,PATCH_FAIL,git_apply_failed,128,1.3973419666290283,0.5250587463378906,1,1,1,2026-02-12T16:04:50.769091,42
django__django-16379,0,Qwen/Qwen2.5-Coder-7B-Instruct,fd72e92edc7b367ffb74c1f738f253be3c5c76848e2fe975b898ef403a2398f7,B-v2,False,PATCH,PATCH_FAIL,git_apply_failed,128,1.589184045791626,0.5345220565795898,3,2,1,2026-02-12T16:04:52.691956,42
django__django-16400,0,Qwen/Qwen2.5-Coder-7B-Instruct,74169354bb9c1ca5d9e27defe9696624e500186d3553bb0b4750b9c55d919548,B-v2,False,GEN,GEN_FAIL,llm_call_fail,,0.009707450866699219,0.009707450866699219,0,0,0,2026-02-12T16:04:54.816171,42
django__django-16408,0,Qwen/Qwen2.5-Coder-7B-Instruct,b69a68d3b13dbc652ecc05912783ae70ce9f270046d0cb2d0e9293a5f1fcf1c8,B-v2,False,PATCH,PATCH_FAIL,git_apply_failed,128,2.5693986415863037,0.5251238346099854,4,1,1,2026-02-12T16:04:54.826085,42
django__django-16527,0,Qwen/Qwen2.5-Coder-7B-Instruct,f5e1e7fd68740463b1477e7c589e565273fea6ea0d1e953ae1f773208f418487,B-v2,False,PATCH,PATCH_FAIL,git_apply_failed,128,1.338078260421753,0.5461142063140869,1,1,1,2026-02-12T16:04:57.921198,42
django__django-16595,0,Qwen/Qwen2.5-Coder-7B-Instruct,1bb07322687dbe38b82f1d46ed143e6b23747fb6a55152d0061ffcc1dd80d6d3,B-v2,False,PATCH,PATCH_FAIL,git_apply_failed,128,1.829357385635376,0.5439519882202148,4,0,1,2026-02-12T16:04:59.806034,42
django__django-16816,0,Qwen/Qwen2.5-Coder-7B-Instruct,9bae38f321b0d060852ab6c8dde8ebca1312b80b98a648dff85d6754f521f081,B-v2,False,GEN,GEN_FAIL,llm_call_fail,,0.010333538055419922,0.010333538055419922,0,0,0,2026-02-12T16:05:02.179957,42
django__django-16820,0,Qwen/Qwen2.5-Coder-7B-Instruct,8be2123607c3b8a6f73893a28db9f4220bc1ca0ab34a93815681284f4f4f9bc4,B-v2,False,PATCH,PATCH_FAIL,git_apply_failed,128,3.5546133518218994,0.5529022216796875,3,3,2,2026-02-12T16:05:02.190668,42
django__django-16873,0,Qwen/Qwen2.5-Coder-7B-Instruct,8eb2069b435a81a1c3249ab03d086748fa64986efe4a6e59818a6c62d21ce775,B-v2,False,PATCH,PATCH_FAIL,git_apply_failed,128,2.468964099884033,0.5387139320373535,2,2,2,2026-02-12T16:05:06.298772,42
django__django-16910,0,Qwen/Qwen2.5-Coder-7B-Instruct,92d761ea92da2348759ed97d55dff0d9d69287da1196216cd1ffd4a15f9a9d38,B-v2,False,PATCH,PATCH_FAIL,git_apply_failed,128,1.3095133304595947,0.498504638671875,1,0,1,2026-02-12T16:05:09.307086,42
django__django-17051,0,Qwen/Qwen2.5-Coder-7B-Instruct,b8cac5625669b5dd871cf8a8f30892f9efbb628ce1c90c44e35c0cec78c3bc53,B-v2,False,PATCH,PATCH_FAIL,git_apply_failed,128,2.794881820678711,0.5023975372314453,2,2,1,2026-02-12T16:05:11.115728,42
django__django-17087,0,Qwen/Qwen2.5-Coder-7B-Instruct,f4e88fe63fe1ffd9c0b9966b9ce8f04edfb36620a2435af623af4dfb6ac3eac6,B-v2,False,PATCH,PATCH_FAIL,git_apply_failed,128,3.5306172370910645,0.499222993850708,2,2,2,2026-02-12T16:05:14.413470,42
matplotlib__matplotlib-18869,0,Qwen/Qwen2.5-Coder-7B-Instruct,b25e9cc434448ee09e782f9f912ff25e04a2f9953930b069e8a25543953a1f0d,B-v2,False,PATCH,PATCH_FAIL,git_apply_failed,128,1.538090467453003,0.555856466293335,2,0,1,2026-02-12T16:05:18.443759,42
matplotlib__matplotlib-22711,0,Qwen/Qwen2.5-Coder-7B-Instruct,7150026b935bd374ea6f6319d14e7cb2b96b8878cae6c06bf4a0c3c96a60b4c9,B-v2,False,GEN,GEN_FAIL,llm_call_fail,,0.010361433029174805,0.010361433029174805,0,0,0,2026-02-12T16:05:20.538108,42
matplotlib__matplotlib-22835,0,Qwen/Qwen2.5-Coder-7B-Instruct,2736466fb72ff4946066873b3d9b29b3383a91f38636160746ff55be0e2a39c5,B-v2,False,GEN,GEN_FAIL,llm_call_fail,,0.008493423461914062,0.008493423461914062,0,0,0,2026-02-12T16:05:20.548676,42
matplotlib__matplotlib-23299,0,Qwen/Qwen2.5-Coder-7B-Instruct,f2d2379b6215e625b83ff86863c95a8a9aede77cf59fcb5df8d24c5c5b41ff4b,B-v2,False,PATCH,PATCH_FAIL,git_apply_failed,128,2.6576244831085205,0.5381934642791748,2,2,2,2026-02-12T16:05:20.557355,42
matplotlib__matplotlib-23314,0,Qwen/Qwen2.5-Coder-7B-Instruct,c7a75e50f3ebc0384094d2e9b346e86e538766585aedcf7bcc3bc2b71bf9f26d,B-v2,False,PATCH,PATCH_FAIL,git_apply_failed,128,1.406256914138794,0.5576577186584473,1,0,1,2026-02-12T16:05:23.753680,42
matplotlib__matplotlib-23476,0,Qwen/Qwen2.5-Coder-7B-Instruct,19094f2f44c37b287d2b324e14217495b8f4f655c2814f8df81365f3499b81a0,B-v2,False,PATCH,PATCH_FAIL,git_apply_failed,128,1.550241470336914,0.4793703556060791,1,1,1,2026-02-12T16:05:25.718179,42
matplotlib__matplotlib-23562,0,Qwen/Qwen2.5-Coder-7B-Instruct,86b4b2124277110c1b17d3941b17a53bbf63fcc702b508000912ce67ee84a3a1,B-v2,False,GEN,GEN_FAIL,llm_call_fail,,0.010623931884765625,0.010623931884765625,0,0,0,2026-02-12T16:05:27.748277,42
matplotlib__matplotlib-23563,0,Qwen/Qwen2.5-Coder-7B-Instruct,ce46fd4d19db84d3c7cc9a8bf964dc2255ac5a6f28df6ee8e43b72c673ef5417,B-v2,False,GEN,GEN_FAIL,llm_call_fail,,0.031080961227416992,0.031080961227416992,0,0,0,2026-02-12T16:05:27.759262,42
matplotlib__matplotlib-23913,0,Qwen/Qwen2.5-Coder-7B-Instruct,50c94b8c6f199bfff62eb3940ca6e03559ad8c8e9d80ef01976a9d9e79a814eb,B-v2,False,PATCH,PATCH_FAIL,git_apply_failed,128,4.921325445175171,0.5042750835418701,4,0,2,2026-02-12T16:05:27.790654,42
matplotlib__matplotlib-23964,0,Qwen/Qwen2.5-Coder-7B-Instruct,d4de9b0228812b57ddf87d98253843adbf6c35717406983e0f5c10092b75743c,B-v2,False,PATCH,PATCH_FAIL,git_apply_failed,128,1.1822090148925781,0.5101466178894043,2,0,1,2026-02-12T16:05:33.216773,42
matplotlib__matplotlib-23987,0,Qwen/Qwen2.5-Coder-7B-Instruct,6a24d04b180d790ddbea9bbdfbb1070b70833dee63330e7ade94e15d42ee0146,B-v2,False,PATCH,PATCH_FAIL,git_apply_failed,128,1.7098915576934814,0.4859745502471924,1,1,1,2026-02-12T16:05:34.909772,42
matplotlib__matplotlib-24149,0,Qwen/Qwen2.5-Coder-7B-Instruct,5912f960e0f526a2cd56d126f68737d05eef8d58fb7e6c6acac643af0efa6ba7,B-v2,False,PATCH,PATCH_FAIL,git_apply_failed,128,2.6550917625427246,0.6430094242095947,8,0,1,2026-02-12T16:05:37.106267,42
matplotlib__matplotlib-24265,0,Qwen/Qwen2.5-Coder-7B-Instruct,01614033fc72b9237b939b943845f184a64c4948b25b61501a5f64f085856695,B-v2,False,PATCH,PATCH_FAIL,git_apply_failed,1,1.022545337677002,0.48343777656555176,3,0,1,2026-02-12T16:05:40.404977,42
matplotlib__matplotlib-24334,0,Qwen/Qwen2.5-Coder-7B-Instruct,d3766a18fee7ec4c05fb20ef57efd218f8683d10cb6ab1ead78db1588142e7a2,B-v2,False,PATCH,PATCH_FAIL,git_apply_failed,128,2.8582911491394043,0.4991459846496582,7,0,1,2026-02-12T16:05:41.911373,42
matplotlib__matplotlib-24970,0,Qwen/Qwen2.5-Coder-7B-Instruct,8028efbb203940bf6243014ea8ff56aa09316e55c111518b0e45e7d6a2e3d0d8,B-v2,False,PATCH,PATCH_FAIL,git_apply_failed,128,1.602353572845459,0.5042505264282227,1,1,1,2026-02-12T16:05:45.269435,42
matplotlib__matplotlib-25079,0,Qwen/Qwen2.5-Coder-7B-Instruct,aead769b249818a3e4469d05330c30177749f40f09392d58c375b61984948756,B-v2,False,PATCH,PATCH_FAIL,git_apply_failed,128,1.7383441925048828,0.5430490970611572,1,1,1,2026-02-12T16:05:47.376652,42
matplotlib__matplotlib-25311,0,Qwen/Qwen2.5-Coder-7B-Instruct,cc0af229cb16824783c08499c8fac5da4e4a6fe4cce776c2266250a9fd98955c,B-v2,False,PATCH,PATCH_FAIL,git_apply_failed,128,1.4428043365478516,0.6151862144470215,1,1,1,2026-02-12T16:05:49.658685,42
matplotlib__matplotlib-25332,0,Qwen/Qwen2.5-Coder-7B-Instruct,76a52dcab280b8ddbcc363af46eefd05c075ef2631b0f336d91312e53729ff05,B-v2,False,PATCH,PATCH_FAIL,git_apply_failed,128,1.4473967552185059,0.5123348236083984,1,1,1,2026-02-12T16:05:51.717074,42
matplotlib__matplotlib-25433,0,Qwen/Qwen2.5-Coder-7B-Instruct,41a607e183d60c6005407ef10e3ecc9019f6c61da5dd37356e45673ce5984cb8,B-v2,False,PATCH,PATCH_FAIL,git_apply_failed,1,3.0478806495666504,0.48240017890930176,4,0,1,2026-02-12T16:05:53.677361,42
matplotlib__matplotlib-25442,0,Qwen/Qwen2.5-Coder-7B-Instruct,f1a1c93b80f6cf25a81cca4137ec74e7ff1b83167e9ee419d39fe7c506ed4a1a,B-v2,False,PATCH,PATCH_FAIL,git_apply_failed,128,3.092643976211548,0.49234437942504883,2,2,2,2026-02-12T16:05:57.208284,42
matplotlib__matplotlib-25498,0,Qwen/Qwen2.5-Coder-7B-Instruct,e8cdb01636f2de2e6618d4da503b8b86a95b612637a45873bb260d121b7c73a4,B-v2,False,GEN,GEN_FAIL,llm_call_fail,,0.011221170425415039,0.011221170425415039,0,0,0,2026-02-12T16:06:00.793692,42
matplotlib__matplotlib-26011,0,Qwen/Qwen2.5-Coder-7B-Instruct,7eadad9d9cdac6949c83a0bd6109bfb155879f657d4a61cd71bc2857c6c5934f,B-v2,False,GEN,GEN_FAIL,llm_call_fail,,0.009377717971801758,0.009377717971801758,0,0,0,2026-02-12T16:06:00.805096,42
matplotlib__matplotlib-26020,0,Qwen/Qwen2.5-Coder-7B-Instruct,0d5ffbf680a17812254f629c9bfb246d6a6102e0af264f0e93e718841ccd63ab,B-v2,False,GEN,GEN_FAIL,llm_call_fail,,0.011768579483032227,0.011768579483032227,0,0,0,2026-02-12T16:06:00.814739,42
mwaskom__seaborn-2848,0,Qwen/Qwen2.5-Coder-7B-Instruct,6f21347cd33098e4a6981a982ced489d2e657abc712f3aec9d96f117dc51fab4,B-v2,False,PATCH,PATCH_FAIL,git_apply_failed,128,6.2731592655181885,0.4620227813720703,8,1,1,2026-02-12T16:06:00.826800,42
mwaskom__seaborn-3010,0,Qwen/Qwen2.5-Coder-7B-Instruct,49b4ad73322948024603137a8418eb1368a88cbc0452e1b73159a8cb4a3e3579,B-v2,False,PATCH,PATCH_FAIL,git_apply_failed,128,2.083878517150879,0.457683801651001,5,0,1,2026-02-12T16:06:07.562368,42
mwaskom__seaborn-3190,0,Qwen/Qwen2.5-Coder-7B-Instruct,af305193d5c603ad824fe6863386b30f391d34b4ed4fcee51619bbe1000aaab0,B-v2,False,PATCH,PATCH_FAIL,git_apply_failed,128,1.604325532913208,0.44960999488830566,1,1,1,2026-02-12T16:06:10.104310,42
mwaskom__seaborn-3407,0,Qwen/Qwen2.5-Coder-7B-Instruct,00057df0d7c14a21d07d9b3ae152ec067a13c53bc3ce3f69953fc7520ce9dfb5,B-v2,False,PATCH,PATCH_FAIL,git_apply_failed,128,1.635742425918579,0.45705151557922363,1,1,1,2026-02-12T16:06:12.158823,42
pallets__flask-4045,0,Qwen/Qwen2.5-Coder-7B-Instruct,e3157fc49ea3b2b854309de0b637d8d179aabdb426b10c4cbe8bee4f2e068962,B-v2,False,PATCH,PATCH_FAIL,git_apply_failed,128,2.2566845417022705,0.45238566398620605,6,0,2,2026-02-12T16:06:14.252024,42
pallets__flask-4992,0,Qwen/Qwen2.5-Coder-7B-Instruct,71f8acbc13beaff5d55cae3863a9e214678de3925c45241721ce8dcbbdae8eb0,B-v2,False,PATCH,PATCH_FAIL,git_apply_failed,128,4.649588346481323,0.4510343074798584,4,2,2,2026-02-12T16:06:16.961635,42
pallets__flask-5063,0,Qwen/Qwen2.5-Coder-7B-Instruct,277c4d384d0704662816225bfc7675139cea5276be20f2493cda58314ac1bc6c,B-v2,False,PATCH,PATCH_FAIL,git_apply_failed,128,3.3072898387908936,0.4487340450286865,16,0,2,2026-02-12T16:06:22.062864,42
psf__requests-1963,0,Qwen/Qwen2.5-Coder-7B-Instruct,1215dd4151868406e651e26ab93fb6a5f7f05c91b4b9ba6c74244c8d08d78f8c,B-v2,False,PATCH,PATCH_FAIL,git_apply_failed,128,1.8874588012695312,0.4690706729888916,1,1,1,2026-02-12T16:06:25.819474,42
psf__requests-2148,0,Qwen/Qwen2.5-Coder-7B-Instruct,8898fe07d7f3537b9051f08f96cf72ad3ddf3c6b02399e84ff2ec86024f31f09,B-v2,False,PATCH,PATCH_FAIL,git_apply_failed,128,1.650766134262085,0.43359875679016113,4,0,1,2026-02-12T16:06:28.176482,42
psf__requests-2317,0,Qwen/Qwen2.5-Coder-7B-Instruct,625a539e1a79ddafa33d8ad4610fc5c7028bf20473fd6c7730110196aa854840,B-v2,False,PATCH,PATCH_FAIL,git_apply_failed,128,1.4384074211120605,0.4529881477355957,1,1,1,2026-02-12T16:06:30.261396,42
psf__requests-2674,0,Qwen/Qwen2.5-Coder-7B-Instruct,a979874846f28f2a668bea97b664d299d050a554714f7173c601e372d32fd319,B-v2,False,PATCH,PATCH_FAIL,git_apply_failed,128,4.710686683654785,0.5401654243469238,8,0,3,2026-02-12T16:06:32.153390,42
psf__requests-3362,0,Qwen/Qwen2.5-Coder-7B-Instruct,76937754dcc6ca4e521542292e886eebe2f493e53d440dbcffb0b4c1f51325c7,B-v2,False,PATCH,PATCH_FAIL,git_apply_failed,128,2.417983055114746,0.6528422832489014,3,3,1,2026-02-12T16:06:37.404724,42
psf__requests-863,0,Qwen/Qwen2.5-Coder-7B-Instruct,4f6d7ad8add88bfa6ff3bd9c4d27297febd072a357f770c069d4c213ea7fdac6,B-v2,False,PATCH,PATCH_FAIL,git_apply_failed,128,1.6701459884643555,0.45437145233154297,1,1,1,2026-02-12T16:06:40.475994,42
pydata__xarray-3364,0,Qwen/Qwen2.5-Coder-7B-Instruct,c3faaa494457a49a95f04d09f0e4c0fe9b9ce0353e6ac55bb37dbd0cfe4c8317,B-v2,False,PATCH,PATCH_FAIL,git_apply_failed,128,3.698639392852783,0.4746253490447998,4,0,1,2026-02-12T16:06:42.600899,42
pydata__xarray-4094,0,Qwen/Qwen2.5-Coder-7B-Instruct,3b273df1385924653a09d2b3f290ee073022ccc5aefd941db5f044a33b2465f9,B-v2,False,PATCH,PATCH_FAIL,git_apply_failed,128,1.9380278587341309,0.46635913848876953,2,1,1,2026-02-12T16:06:46.774723,42
pydata__xarray-4248,0,Qwen/Qwen2.5-Coder-7B-Instruct,9b7db3a18923a304d760886907db4e7a6adb64fa7afec4b0d6b0056371a85c4d,B-v2,False,PATCH,PATCH_FAIL,git_apply_failed,128,5.663010597229004,0.5579900741577148,19,0,2,2026-02-12T16:06:49.179773,42
pydata__xarray-4493,0,Qwen/Qwen2.5-Coder-7B-Instruct,768bd8412162a57945769478ca59cba070f36211516e5515e0f76d4a83111253,B-v2,False,PATCH,PATCH_FAIL,git_apply_failed,128,2.9025044441223145,0.4575326442718506,2,2,2,2026-02-12T16:06:55.401256,42
pydata__xarray-5131,0,Qwen/Qwen2.5-Coder-7B-Instruct,c8c5758b1742682aa205c60b3f12f154ce2a472551b1321ef8992c67e20a5773,B-v2,False,PATCH,PATCH_FAIL,git_apply_failed,128,4.0531535148620605,0.44734811782836914,3,3,2,2026-02-12T16:06:58.761886,42
pylint-dev__pylint-5859,0,Qwen/Qwen2.5-Coder-7B-Instruct,17adc4338664643c4feacd2735bd0294cf333293a880dac27ee2810f41243497,B-v2,False,PATCH,PATCH_FAIL,git_apply_failed,128,1.7351953983306885,0.4863245487213135,1,1,1,2026-02-12T16:07:03.263004,42
pylint-dev__pylint-6506,0,Qwen/Qwen2.5-Coder-7B-Instruct,645ccea1bda2e4da85b10d582724d221e0d845df51e4d00330816e4f8ee928db,B-v2,False,PATCH,PATCH_FAIL,git_apply_failed,128,1.959665060043335,0.48234057426452637,3,0,1,2026-02-12T16:07:05.485084,42
pylint-dev__pylint-7080,0,Qwen/Qwen2.5-Coder-7B-Instruct,6b08ffc38225db77aefb042867a60fc5da76265a53e82cc2a33384dcbcbe164a,B-v2,False,GEN,GEN_FAIL,llm_call_fail,,0.015246391296386719,0.015246391296386719,0,0,0,2026-02-12T16:07:07.927543,42
pylint-dev__pylint-7114,0,Qwen/Qwen2.5-Coder-7B-Instruct,9500ff71f5e4b6a7a3ee7ee917617395fa19f00bb2a29202c63f38cd6fa2aba3,B-v2,False,PATCH,PATCH_FAIL,git_apply_failed,128,2.174185276031494,0.48301005363464355,6,1,1,2026-02-12T16:07:07.942996,42
pylint-dev__pylint-7228,0,Qwen/Qwen2.5-Coder-7B-Instruct,3d22487aa9ac4c7430627c6a0c694e331d0f1077b4f42f5930a7240de19326cf,B-v2,False,PATCH,PATCH_FAIL,git_apply_failed,128,1.443061113357544,0.4655325412750244,1,1,1,2026-02-12T16:07:10.600789,42
pylint-dev__pylint-7993,0,Qwen/Qwen2.5-Coder-7B-Instruct,77d5e23ec460c4540d7f443a64e83276e55d0cdf29a52ee91f50e54bea0425a6,B-v2,False,PATCH,PATCH_FAIL,git_apply_failed,128,1.5618336200714111,0.4579946994781494,1,1,1,2026-02-12T16:07:12.509975,42
pytest-dev__pytest-11143,0,Qwen/Qwen2.5-Coder-7B-Instruct,ca3306d4b6b25b13fda549cc0619631329fdae36f2dbf5683d7e6ed7d2ee2440,B-v2,False,GEN,GEN_FAIL,llm_call_fail,,0.01131749153137207,0.01131749153137207,0,0,0,2026-02-12T16:07:14.530395,42
pytest-dev__pytest-11148,0,Qwen/Qwen2.5-Coder-7B-Instruct,531552d7ca9f17d1a79870431953d792cf47075b6f51f3eb6efeb5528529423b,B-v2,False,PATCH,PATCH_FAIL,git_apply_failed,128,2.1086246967315674,0.612891435623169,2,0,2,2026-02-12T16:07:14.541931,42
pytest-dev__pytest-5103,0,Qwen/Qwen2.5-Coder-7B-Instruct,25603f733fdbe16b757c9ceb07a12fcb6ec610fb9222d5849052f3f4593632cf,B-v2,False,PATCH,PATCH_FAIL,git_apply_failed,128,3.185054063796997,0.46599817276000977,13,0,2,2026-02-12T16:07:17.264049,42
pytest-dev__pytest-5221,0,Qwen/Qwen2.5-Coder-7B-Instruct,0d658cf9ea4e3bebb608f9c687325e0b23701678fe3509ab3091e1a13ea6efe6,B-v2,False,PATCH,PATCH_FAIL,git_apply_failed,128,3.8467819690704346,0.600208044052124,13,1,1,2026-02-12T16:07:20.915758,42
pytest-dev__pytest-5227,0,Qwen/Qwen2.5-Coder-7B-Instruct,90ceaff90fd2bb1f691bcb30001038558bce14ee89fb7928704a26ec3fea3059,B-v2,False,PATCH,PATCH_FAIL,git_apply_failed,128,2.3035569190979004,0.46445608139038086,2,2,1,2026-02-12T16:07:25.363141,42
pytest-dev__pytest-5413,0,Qwen/Qwen2.5-Coder-7B-Instruct,bcbc4d0b590cc1a88bd28705d76309f5234fd92ab8c3bba8fef9551bde9807f4,B-v2,False,PATCH,PATCH_FAIL,git_apply_failed,128,1.8961577415466309,0.49163031578063965,0,4,1,2026-02-12T16:07:28.131772,42
pytest-dev__pytest-5495,0,Qwen/Qwen2.5-Coder-7B-Instruct,460aa643df711ac50b8f68c47d4fc55373ab52c1c828511145c0d8f277ca099f,B-v2,False,PATCH,PATCH_FAIL,git_apply_failed,128,1.3933360576629639,0.45565104484558105,1,1,1,2026-02-12T16:07:30.519975,42
pytest-dev__pytest-5692,0,Qwen/Qwen2.5-Coder-7B-Instruct,b8d516f74b45a05ed144479699beed7b07db23625f795f9008e6f3f3d71e5079,B-v2,False,PATCH,PATCH_FAIL,git_apply_failed,128,2.7220327854156494,0.4641861915588379,4,0,2,2026-02-12T16:07:32.369526,42
pytest-dev__pytest-6116,0,Qwen/Qwen2.5-Coder-7B-Instruct,6f55f294e2db80d48582d37a1c359416fb8fad22e8a3443fc83f02d5a7351411,B-v2,False,PATCH,PATCH_FAIL,git_apply_failed,128,1.1964147090911865,0.47487521171569824,1,0,1,2026-02-12T16:07:35.556167,42
pytest-dev__pytest-7168,0,Qwen/Qwen2.5-Coder-7B-Instruct,eedadc34b0b6c1457204722924ca798c0a16a462d4a8d952a9197547cb27c0a5,B-v2,False,GEN,GEN_FAIL,llm_call_fail,,0.012186050415039062,0.012186050415039062,0,0,0,2026-02-12T16:07:37.228042,42
pytest-dev__pytest-7220,0,Qwen/Qwen2.5-Coder-7B-Instruct,97196b8f7032e3f1f83eb3d58d3152abe7aefc7e4d2095721a814e65afaa7e18,B-v2,False,PATCH,PATCH_FAIL,git_apply_failed,128,1.1847398281097412,0.4558982849121094,2,2,1,2026-02-12T16:07:37.240453,42
pytest-dev__pytest-7373,0,Qwen/Qwen2.5-Coder-7B-Instruct,51b2c3ddf20b53abc0e24986440c1c0a5fe2579c476cb6330a42840357749495,B-v2,False,PATCH,PATCH_FAIL,git_apply_failed,128,3.1325438022613525,0.49362635612487793,3,9,1,2026-02-12T16:07:38.881467,42
pytest-dev__pytest-7432,0,Qwen/Qwen2.5-Coder-7B-Instruct,5ef9984f0a8fe11fc592b30a0219dfa4fb586ccfecf533fe88b58843de82b5e0,B-v2,False,PATCH,PATCH_FAIL,git_apply_failed,128,1.9847772121429443,0.48273468017578125,1,1,1,2026-02-12T16:07:42.508097,42
pytest-dev__pytest-7490,0,Qwen/Qwen2.5-Coder-7B-Instruct,b16ae4584dc8c38e049b610a387604c51bc8e57a364f5be08aa8b9f28a27bf86,B-v2,False,GEN,GEN_FAIL,llm_call_fail,,0.012709379196166992,0.012709379196166992,0,0,0,2026-02-12T16:07:44.975993,42
pytest-dev__pytest-8365,0,Qwen/Qwen2.5-Coder-7B-Instruct,2a1f57286b48a90f553389ecc93b3b0d7f1a25d0ae79e6550e4d3d6f117b7277,B-v2,False,PATCH,PATCH_FAIL,git_apply_failed,128,3.042515754699707,0.4696969985961914,2,2,2,2026-02-12T16:07:44.988906,42
pytest-dev__pytest-8906,0,Qwen/Qwen2.5-Coder-7B-Instruct,8bbb13c09b7626b11edbdbda777e0ed4026ffbe2035059f245914924eb717c21,B-v2,False,PATCH,PATCH_FAIL,git_apply_failed,128,4.202167272567749,0.4799776077270508,17,0,2,2026-02-12T16:07:48.501584,42
pytest-dev__pytest-9359,0,Qwen/Qwen2.5-Coder-7B-Instruct,80f0cbf5b3ca241ff06e08df4d9875675ad98e556adc03b2c7dddeac8dc94177,B-v2,False,PATCH,PATCH_FAIL,git_apply_failed,128,1.2707297801971436,0.48656773567199707,2,2,1,2026-02-12T16:07:53.184211,42
scikit-learn__scikit-learn-10297,0,Qwen/Qwen2.5-Coder-7B-Instruct,90ee9a0fe660126c573985193d31a2dd85d90a91ace5eb1feaf389ac5d599e7a,B-v2,False,PATCH,PATCH_FAIL,git_apply_failed,1,3.625927686691284,0.5083568096160889,5,3,1,2026-02-12T16:07:54.941904,42
scikit-learn__scikit-learn-10508,0,Qwen/Qwen2.5-Coder-7B-Instruct,21d797874348650b0b78f0e6961450b0759dc9488bcb1d2313e9127c023ca210,B-v2,False,PATCH,PATCH_FAIL,git_apply_failed,128,3.394299030303955,0.47977352142333984,3,3,1,2026-02-12T16:07:59.076789,42
scikit-learn__scikit-learn-10949,0,Qwen/Qwen2.5-Coder-7B-Instruct,b964d8c7ca0446c0536eac75c1dc0c7e4053e9d94f10a1e17d3f0338516ece68,B-v2,False,PATCH,PATCH_FAIL,git_apply_failed,1,1.3893446922302246,0.500485897064209,1,0,1,2026-02-12T16:08:02.951513,42
scikit-learn__scikit-learn-11040,0,Qwen/Qwen2.5-Coder-7B-Instruct,30980f5f54cadc3820c6937d0546ea5354f01be47b6f467b1eed13f939a6a702,B-v2,False,PATCH,PATCH_FAIL,git_apply_failed,128,3.650461435317993,0.5640289783477783,6,0,2,2026-02-12T16:08:04.842010,42
scikit-learn__scikit-learn-11281,0,Qwen/Qwen2.5-Coder-7B-Instruct,2e87a44e17ad9283d5acc4eb2fcd2370e6363b188d38c8c7ac691db8586efa35,B-v2,False,PATCH,PATCH_FAIL,git_apply_failed,128,4.236886024475098,0.4785127639770508,9,2,2,2026-02-12T16:08:09.056977,42
scikit-learn__scikit-learn-12471,0,Qwen/Qwen2.5-Coder-7B-Instruct,61b5ef4eabb23ea7f4ded722027d201bab9682b5d176a65f3636acdd053a9460,B-v2,False,PATCH,PATCH_FAIL,git_apply_failed,128,3.7671730518341064,0.6748483180999756,12,0,1,2026-02-12T16:08:13.772841,42
scikit-learn__scikit-learn-13142,0,Qwen/Qwen2.5-Coder-7B-Instruct,895662ff4d95eb6fede4ea57c1ceceb1e5117f8bc4b3546d243ce8cabf1fcbec,B-v2,False,PATCH,PATCH_FAIL,git_apply_failed,128,3.5367727279663086,0.4785890579223633,5,0,2,2026-02-12T16:08:18.215249,42
scikit-learn__scikit-learn-13241,0,Qwen/Qwen2.5-Coder-7B-Instruct,2524a2883718afc656e9b96fa6a043faed86eb8f2fe464964ebed1f7999510dc,B-v2,False,GEN,GEN_FAIL,llm_call_fail,,0.010779857635498047,0.010779857635498047,0,0,0,2026-02-12T16:08:22.231197,42
scikit-learn__scikit-learn-13439,0,Qwen/Qwen2.5-Coder-7B-Instruct,3b542b03144166541a68e90ac58b87d534d51b8d5719a0c6ef92fb2e9c307b21,B-v2,False,PATCH,PATCH_FAIL,git_apply_failed,128,1.5367958545684814,0.4814925193786621,2,0,1,2026-02-12T16:08:22.242187,42
scikit-learn__scikit-learn-13496,0,Qwen/Qwen2.5-Coder-7B-Instruct,6f0b73256c1d49e5e01b29127db1bd2a4332f4da700c0ffecaecd78434a64219,B-v2,False,PATCH,PATCH_FAIL,git_apply_failed,128,4.667940855026245,0.48429393768310547,10,0,2,2026-02-12T16:08:24.260870,42
scikit-learn__scikit-learn-13497,0,Qwen/Qwen2.5-Coder-7B-Instruct,fd4a14192cdd98c45e08b886c31c47763f31570c69aae75b8ab3620f3865051a,B-v2,False,PATCH,PATCH_FAIL,git_apply_failed,128,5.124162673950195,0.46783971786499023,4,4,1,2026-02-12T16:08:29.413511,42
scikit-learn__scikit-learn-13584,0,Qwen/Qwen2.5-Coder-7B-Instruct,501baac5ab6559c4b69c6ef491b1cfbef862b28d6775efc389af5b6ba8545b50,B-v2,False,PATCH,PATCH_FAIL,git_apply_failed,128,1.1377580165863037,0.4584212303161621,1,1,1,2026-02-12T16:08:35.005955,42
scikit-learn__scikit-learn-13779,0,Qwen/Qwen2.5-Coder-7B-Instruct,f8792360a500cc9ab17414c9d30e06a86074c3205132f398df89c869eb080ed9,B-v2,False,PATCH,PATCH_FAIL,git_apply_failed,128,1.9189894199371338,0.48172855377197266,4,0,1,2026-02-12T16:08:36.602812,42
scikit-learn__scikit-learn-14087,0,Qwen/Qwen2.5-Coder-7B-Instruct,f6d9d39b24dbd43604b49e48d7c7ab303098422da201bd7be6202ac93b8a14f1,B-v2,False,PATCH,PATCH_FAIL,git_apply_failed,128,1.9516291618347168,0.4875462055206299,1,1,1,2026-02-12T16:08:39.004090,42
scikit-learn__scikit-learn-14092,0,Qwen/Qwen2.5-Coder-7B-Instruct,54fece9029e644e3650b97911010ce0fcce389d05c520e9652d2df1bd12b8a5f,B-v2,False,PATCH,PATCH_FAIL,git_apply_failed,128,3.16644024848938,0.4610123634338379,2,2,2,2026-02-12T16:08:41.443921,42
scikit-learn__scikit-learn-14894,0,Qwen/Qwen2.5-Coder-7B-Instruct,89145f2b85a7003c5719097dbb4671cceff246e8a45a9e7117e0b9636ac9206b,B-v2,False,PATCH,PATCH_FAIL,git_apply_failed,128,1.8984525203704834,0.5042295455932617,1,1,1,2026-02-12T16:08:45.072041,42
